<?xml version="1.0"?>
<!--<!DOCTYPE metadata SYSTEM "http://www.esri.com/metadata/esriprof80.dtd">-->
<metadata xml:lang="en"><Esri><CreaDate>20130919</CreaDate><CreaTime>10431100</CreaTime><SyncOnce>TRUE</SyncOnce><DataProperties><lineage><Process ToolSource="C:\Program Files\ArcGIS\ArcToolbox\Toolboxes\Conversion Tools.tbx\RasterToPolygon" Date="20111229" Time="162211">RasterToPolygon ALAC_GRS80 "C:\Documents and Settings\abower\My Documents\seed zones\doede\Allium\alac_zones\ALAC_zoneGRS.shp" NO_SIMPLIFY VALUE</Process><Process ToolSource="c:\program files (x86)\arcgis\desktop10.1\ArcToolbox\Toolboxes\Data Management Tools.tbx\CalculateField" Date="20130912" Time="151305">CalculateField Allium\alac_zonegrs ZONE "Prod High, Phen High" VB #</Process><Process ToolSource="c:\program files (x86)\arcgis\desktop10.1\ArcToolbox\Toolboxes\Data Management Tools.tbx\CalculateField" Date="20130912" Time="151416">CalculateField Allium\alac_zonegrs ZONE "Prod High, Phen Med" VB #</Process><Process ToolSource="c:\program files (x86)\arcgis\desktop10.1\ArcToolbox\Toolboxes\Data Management Tools.tbx\CalculateField" Date="20130912" Time="151459">CalculateField Allium\alac_zonegrs ZONE "Prod High, Phen Low" VB #</Process><Process ToolSource="c:\program files (x86)\arcgis\desktop10.1\ArcToolbox\Toolboxes\Data Management Tools.tbx\CalculateField" Date="20130912" Time="151549">CalculateField Allium\alac_zonegrs ZONE "Prod Med, Phen High" VB #</Process><Process ToolSource="c:\program files (x86)\arcgis\desktop10.1\ArcToolbox\Toolboxes\Data Management Tools.tbx\CalculateField" Date="20130912" Time="151623">CalculateField Allium\alac_zonegrs ZONE "Prod Med, Phen Med" VB #</Process><Process ToolSource="c:\program files (x86)\arcgis\desktop10.1\ArcToolbox\Toolboxes\Data Management Tools.tbx\CalculateField" Date="20130912" Time="151704">CalculateField Allium\alac_zonegrs ZONE "Prod Med, Phen Low" VB #</Process><Process ToolSource="c:\program files (x86)\arcgis\desktop10.1\ArcToolbox\Toolboxes\Data Management Tools.tbx\CalculateField" Date="20130912" Time="151747">CalculateField Allium\alac_zonegrs ZONE "Prod Low, Phen High" VB #</Process><Process ToolSource="c:\program files (x86)\arcgis\desktop10.1\ArcToolbox\Toolboxes\Data Management Tools.tbx\CalculateField" Date="20130912" Time="151818">CalculateField Allium\alac_zonegrs ZONE "Prod Low, Phen Med" VB #</Process><Process ToolSource="c:\program files (x86)\arcgis\desktop10.1\ArcToolbox\Toolboxes\Data Management Tools.tbx\CalculateField" Date="20130912" Time="151855">CalculateField Allium\alac_zonegrs ZONE "Prod Low, Phen Low" VB #</Process></lineage></DataProperties><ArcGISFormat>1.0</ArcGISFormat></Esri></metadata>
