<?xml version="1.0" encoding="UTF-8"?>
<metadata>
	<idinfo>
		<citation>
			<citeinfo>
				<origin>U.S. Geological Survey</origin>
				<pubdate>20170201</pubdate>
				<title>Seed transfer zones for Sphaeralcea ambigua in the Mojave Desert</title>
				<geoform>Vector Digital Data Set (Polygon)</geoform>
				<onlink>10.1002/eap.1447</onlink>
				<lworkcit>
					<citeinfo>
						<origin>Daniel F. Shryock</origin>
						<origin>Lesley A. DeFalco</origin>
						<origin>Todd C. Esque</origin>
						<origin>Troy E. Wood</origin>
						<pubdate>20170201</pubdate>
						<title>Landscape genetic approaches to guide native plant restoration in the Mojave Desert</title>
						<geoform>Publication (Journal)</geoform>
						<pubinfo>
							<publish>Ecological Applications</publish>
						</pubinfo>
						<onlink>10.1002/eap.1447</onlink>
					</citeinfo>
				</lworkcit>
			</citeinfo>
		</citation>
		<descript>
			<abstract>Seed transfer zones developed for Sphaeralcea ambigua in the Mojave Desert based on a landscape genetics study (Shryock et al. 2017, Ecological Applications). Values indicate the zone ID.</abstract>
			<purpose>These data are intended to guide seed transfer and use for Sphaeralcea ambigua within the Mojave Desert</purpose>
		</descript>
		<timeperd>
			<timeinfo>
				<sngdate>
					<caldate>20170201</caldate>
				</sngdate>
			</timeinfo>
			<current>publication date</current>
		</timeperd>
		<status>
			<progress>Complete</progress>
			<update>None planned</update>
		</status>
		<spdom>
			<bounding>
				<westbc>-118.701412328</westbc>
				<eastbc>-113.069640792</eastbc>
				<northbc>37.498457955</northbc>
				<southbc>33.690141557</southbc>
			</bounding>
		</spdom>
		<keywords>
			<theme>
				<themekt>None</themekt>
				<themekey>Seed transfer zones</themekey>
				<themekey>Sphaeralcea ambigua</themekey>
			</theme>
		</keywords>
		<accconst>None. Please see 'Distribution Info' for details.</accconst>
		<useconst>Although these data were produced on a United States Geological Survey computer system, no liability is assumed or implied as to the current accuracy or utility of the data on any system or for general or scientific purposes, nor shall the act of distribution constitute any such warranty for individual or aggregate use with other data. The United States Geological Survey shall not be held liable for the improper use of the data described and/or contained herein. By using this data you hereby agree to these conditions.</useconst>
		<ptcontac>
			<cntinfo>
				<cntorgp>
					<cntorg>U.S. Geological Survey, PACIFIC REGION</cntorg>
					<cntper>Daniel F Shryock</cntper>
				</cntorgp>
				<cntaddr>
					<addrtype>mailing address</addrtype>
					<address>160 N Stephanie ST</address>
					<city>Henderson</city>
					<state>NV</state>
					<postal>89074</postal>
					<country>United States</country>
				</cntaddr>
				<cntvoice>702-564-4500</cntvoice>
				<cntfax>702-564-4600</cntfax>
				<cntemail>dshryock@usgs.gov</cntemail>
			</cntinfo>
		</ptcontac>
		<native>Environment as of Metadata Creation: Microsoft Windows 7 Version 6.1 (Build 7601) Service Pack 1; Esri ArcGIS 10.2.2 (Build 3552) Service Pack N/A (Build N/A)</native>
	</idinfo>
	<dataqual>
		<attracc>
			<attraccr>No formal attribute accuracy tests were conducted.</attraccr>
		</attracc>
		<logic>No formal logical accuracy tests were conducted.</logic>
		<complete>Data set is considered complete for the information presented, as described in the abstract. Users are advised to read the rest of the metadata record carefully for additional details.</complete>
		<posacc>
			<horizpa>
				<horizpar>A formal accuracy assessment of the horizontal positional information in the data set has not been conducted.</horizpar>
			</horizpa>
			<vertacc>
				<vertaccr>A formal accuracy assessment of the vertical positional information in the data set has either not been conducted, or is not applicable.</vertaccr>
			</vertacc>
		</posacc>
		<lineage>
			<procstep>
				<procdesc>Development of the data set by the agency / individuals identified in the 'Originator' element in the Identification Info section of the record.</procdesc>
				<procdate>Unknown</procdate>
			</procstep>
		</lineage>
	</dataqual>
	<spdoinfo>
		<direct>Vector</direct>
		<ptvctinf>
			<sdtsterm>
				<sdtstype>G-polygon</sdtstype>
				<ptvctcnt>1390</ptvctcnt>
			</sdtsterm>
		</ptvctinf>
	</spdoinfo>
	<spref>
		<horizsys>
			<planar>
				<gridsys>
					<gridsysn>Universal Transverse Mercator</gridsysn>
					<utm>
						<utmzone>11</utmzone>
						<transmer>
							<sfctrmer>0.9996</sfctrmer>
							<longcm>-117.0</longcm>
							<latprjo>0.0</latprjo>
							<feast>500000.0</feast>
							<fnorth>0.0</fnorth>
						</transmer>
					</utm>
				</gridsys>
				<planci>
					<plance>coordinate pair</plance>
					<coordrep>
						<absres>0.6096</absres>
						<ordres>0.6096</ordres>
					</coordrep>
					<plandu>Meter</plandu>
				</planci>
			</planar>
			<geodetic>
				<horizdn>D_North_American_1983</horizdn>
				<ellips>GRS_1980</ellips>
				<semiaxis>6378137.0</semiaxis>
				<denflat>298.257222101</denflat>
			</geodetic>
		</horizsys>
	</spref>
	<eainfo>
		<detailed Name="sphaeralcea_ambigua_seed_transfer_zones">
			<enttyp>
				<enttypl>Attribute Table</enttypl>
				<enttypd>Table containing attribute information associated with the data set.</enttypd>
				<enttypds>Producer defined</enttypds>
			</enttyp>
			<attr>
				<attrlabl>ID</attrlabl>
				<attrdef>Unknown</attrdef>
				<attrdefs>Producer defined</attrdefs>
				<attrdomv>
					<rdom>
						<rdommin>1</rdommin>
						<rdommax>1390</rdommax>
					</rdom>
				</attrdomv>
			</attr>
			<attr>
				<attrlabl>GRIDCODE</attrlabl>
				<attrdef>Seed transfer zone</attrdef>
				<attrdefs>Producer defined</attrdefs>
				<attrdomv>
					<rdom>
						<rdommin>1</rdommin>
						<rdommax>10</rdommax>
					</rdom>
				</attrdomv>
			</attr>
		</detailed>
		<overview>
			<eaover>The entity and attribute information provided here describes the tabular data associated with the data set. Please review the detailed descriptions that are provided (the individual attribute descriptions) for information on the values that appear as fields/table entries of the data set.</eaover>
			<eadetcit>The entity and attribute information was generated by the individual and/or agency identified as the originator of the data set. Please review the rest of the metadata record for additional details and information.</eadetcit>
		</overview>
	</eainfo>
	<distinfo>
		<distliab>Distributor assumes no liability for misuse of data.</distliab>
		<stdorder>
			<digform>
				<digtinfo>
					<formname>Vector Digital Data Set (Polygon)</formname>
				</digtinfo>
			</digform>
			<fees>None. No fees are applicable for obtaining the data set.</fees>
		</stdorder>
	</distinfo>
	<metainfo>
		<metd>20170922</metd>
		<metstdn>FGDC Content Standard for Digital Geospatial Metadata</metstdn>
		<metstdv>FGDC-STD-001-1998</metstdv>
	</metainfo>
	<Esri><DataProperties><itemProps><itemLocation><linkage Sync="TRUE">file://\\IGSWNVWBLT00697\C$\Users\dshryock\Documents\Seed_zones_wwetac\shapefile\sphaeralcea_ambigua_seed_transfer_zones_FGDC</linkage><protocol Sync="TRUE">Local Area Network</protocol></itemLocation></itemProps><copyHistory><copy source="C:\Users\dshryock\Documents\Seed_zones_wwetac\Seed_Transfer_Zone_Rasters_img_format\sphaeralcea_ambigua_seed_transfer_zones_FGDC" dest="\\IGSWNVWBLT00697\C$\Users\dshryock\Documents\Seed_zones_wwetac\shapefile\sphaeralcea_ambigua_seed_transfer_zones_FGDC" date="20170922" time="11031800"></copy></copyHistory></DataProperties></Esri></metadata>
