<metadata><idinfo><citation><citeinfo><origin>U.S. Geological Survey</origin><pubdate>2017</pubdate><title>Seed transfer zones for Ephedra nevadensis in the Mojave Desert</title><geoform>Vector Digital Data Set (Polygon)</geoform><onlink>10.1002/eap.1447</onlink><lworkcit><citeinfo><origin>Daniel F. Shryock</origin><origin>Lesley A. DeFalco</origin><origin>Todd C. Esque</origin><origin>Troy E. Wood</origin><pubdate>20170201</pubdate><title>Landscape genetic approaches to guide native plant restoration in the Mojave Desert</title><geoform>Publication (Journal)</geoform><pubinfo><publish>Ecological Applications</publish></pubinfo><onlink>10.1002/eap.1447</onlink></citeinfo></lworkcit></citeinfo></citation><descript><abstract>Seed transfer zones developed for Ephedra nevadensis in the Mojave Desert based on a landscape genetics study (Shryock et al. 2017, Ecological Applications). Values indicate the zone ID.</abstract><purpose>These data are intended to guide seed collection and use for Ephedra nevadensis in the Mojave Desert.</purpose></descript><timeperd><timeinfo><sngdate><caldate>20170201</caldate></sngdate></timeinfo><current>publication date</current></timeperd><status><progress>Complete</progress><update>None planned</update></status><spdom><bounding><westbc>-118.701412328</westbc><eastbc>-113.069640792</eastbc><northbc>37.498457955</northbc><southbc>33.690141557</southbc></bounding></spdom><keywords><theme><themekt>None</themekt><themekey>Seed transfer zones</themekey><themekey>Ephedra nevadensis</themekey></theme></keywords><accconst>None. Please see 'Distribution Info' for details.</accconst><useconst>Although these data were produced on a United States Geological Survey computer system, no liability is assumed or implied as to the current accuracy or utility of the data on any system or for general or scientific purposes, nor shall the act of distribution constitute any such warranty for individual or aggregate use with other data. The United States Geological Survey shall not be held liable for the improper use of the data described and/or contained herein. By using this data you hereby agree to these conditions</useconst><ptcontac><cntinfo><cntorgp><cntorg>U.S. Geological Survey, PACIFIC REGION</cntorg><cntper>Daniel F Shryock</cntper></cntorgp><cntaddr><addrtype>mailing address</addrtype><address>160 North Stephanie ST</address><city>Henderson</city><state>NV</state><postal>89074</postal><country>United States</country></cntaddr><cntvoice>702-564-4500</cntvoice><cntfax>702-564-4600</cntfax><cntemail>dshryock@usgs.gov</cntemail></cntinfo></ptcontac><native>Environment as of Metadata Creation: Microsoft Windows 7 Version 6.1 (Build 7601) Service Pack 1; Esri ArcGIS 10.2.2 (Build 3552) Service Pack N/A (Build N/A)</native></idinfo><dataqual><attracc><attraccr>No formal attribute accuracy tests were conducted.</attraccr></attracc><logic>No formal logical accuracy tests were conducted.</logic><complete>Data set is considered complete for the information presented, as described in the abstract. Users are advised to read the rest of the metadata record carefully for additional details.</complete><posacc><horizpa><horizpar>A formal accuracy assessment of the horizontal positional information in the data set has not been conducted.</horizpar></horizpa><vertacc><vertaccr>A formal accuracy assessment of the vertical positional information in the data set has either not been conducted, or is not applicable.</vertaccr></vertacc></posacc><lineage><procstep><procdesc>Development of the data set by the agency / individuals identified in the 'Originator' element in the Identification Info section of the record.</procdesc><procdate>Unknown</procdate></procstep></lineage></dataqual><spdoinfo><direct>Vector</direct><ptvctinf><esriterm Name="ephedra_nevadensis_seed_transfer_zones"><efeatyp Sync="TRUE">Simple</efeatyp><efeageom code="4" Sync="TRUE"></efeageom><esritopo Sync="TRUE">FALSE</esritopo><efeacnt Sync="TRUE">1468</efeacnt><spindex Sync="TRUE">TRUE</spindex><linrefer Sync="TRUE">FALSE</linrefer></esriterm></ptvctinf></spdoinfo><spref><horizsys><planar><planci><plance>coordinate pair</plance><coordrep><absres>0.6096</absres><ordres>0.6096</ordres></coordrep><plandu>Meter</plandu></planci></planar><geodetic><horizdn>D_North_American_1983</horizdn><ellips>GRS_1980</ellips><semiaxis>6378137.0</semiaxis><denflat>298.257222101</denflat></geodetic></horizsys></spref><eainfo><detailed Name="ephedra_nevadensis_seed_transfer_zones"><enttyp><enttypl>Attribute Table</enttypl><enttypd>Table containing attribute information associated with the data set.</enttypd><enttypds>Producer defined</enttypds><enttypt Sync="TRUE">Feature Class</enttypt><enttypc Sync="TRUE">1468</enttypc></enttyp><attr><attrlabl Sync="TRUE">FID</attrlabl><attalias Sync="TRUE">FID</attalias><attrtype Sync="TRUE">OID</attrtype><attwidth Sync="TRUE">4</attwidth><atprecis Sync="TRUE">0</atprecis><attscale Sync="TRUE">0</attscale><attrdef Sync="TRUE">Internal feature number.</attrdef><attrdefs Sync="TRUE">Esri</attrdefs><attrdomv><udom Sync="TRUE">Sequential unique whole numbers that are automatically generated.</udom></attrdomv></attr><attr><attrlabl Sync="TRUE">Shape</attrlabl><attalias Sync="TRUE">Shape</attalias><attrtype Sync="TRUE">Geometry</attrtype><attwidth Sync="TRUE">0</attwidth><atprecis Sync="TRUE">0</atprecis><attscale Sync="TRUE">0</attscale><attrdef Sync="TRUE">Feature geometry.</attrdef><attrdefs Sync="TRUE">Esri</attrdefs><attrdomv><udom Sync="TRUE">Coordinates defining the features.</udom></attrdomv></attr><attr><attrlabl>ID</attrlabl><attrdef>Unknown</attrdef><attrdefs>Producer defined</attrdefs><attrdomv><rdom><rdommin>1</rdommin><rdommax>1468</rdommax></rdom></attrdomv><attalias Sync="TRUE">ID</attalias><attrtype Sync="TRUE">Double</attrtype><attwidth Sync="TRUE">10</attwidth><atprecis Sync="TRUE">10</atprecis><attscale Sync="TRUE">0</attscale></attr><attr><attrlabl>GRIDCODE</attrlabl><attrdef>Seed transfer zone</attrdef><attrdefs>Producer defined</attrdefs><attrdomv><rdom><rdommin>1</rdommin><rdommax>10</rdommax></rdom></attrdomv><attalias Sync="TRUE">GRIDCODE</attalias><attrtype Sync="TRUE">Double</attrtype><attwidth Sync="TRUE">10</attwidth><atprecis Sync="TRUE">10</atprecis><attscale Sync="TRUE">0</attscale></attr></detailed><overview><eaover>The entity and attribute information provided here describes the tabular data associated with the data set. Please review the detailed descriptions that are provided (the individual attribute descriptions) for information on the values that appear as fields/table entries of the data set.</eaover><eadetcit>The entity and attribute information was generated by the individual and/or agency identified as the originator of the data set. Please review the rest of the metadata record for additional details and information.</eadetcit></overview></eainfo><distinfo><distliab>Distributor assumes no liability for misuse of data.</distliab><stdorder><digform><digtinfo><formname>Vector Digital Data Set (Polygon)</formname></digtinfo></digform><fees>None. No fees are applicable for obtaining the data set.</fees></stdorder></distinfo><metainfo><metd>20170922</metd><metstdn>FGDC Content Standard for Digital Geospatial Metadata</metstdn><metstdv>FGDC-STD-001-1998</metstdv></metainfo><dataIdInfo><envirDesc Sync="TRUE">Microsoft Windows 7 Version 6.1 (Build 7601) Service Pack 1; Esri ArcGIS 10.2.2.3552</envirDesc><dataLang><languageCode value="eng" Sync="TRUE"></languageCode><countryCode value="USA" Sync="TRUE"></countryCode></dataLang><idCitation><resTitle Sync="TRUE">ephedra_nevadensis_seed_transfer_zones</resTitle><presForm><PresFormCd value="005" Sync="TRUE"></PresFormCd></presForm></idCitation><spatRpType><SpatRepTypCd value="001" Sync="TRUE"></SpatRepTypCd></spatRpType><dataExt><geoEle><GeoBndBox esriExtentType="search"><exTypeCode Sync="TRUE">1</exTypeCode><westBL Sync="TRUE">-118.701412</westBL><eastBL Sync="TRUE">-113.069641</eastBL><northBL Sync="TRUE">37.499528</northBL><southBL Sync="TRUE">33.690142</southBL></GeoBndBox></geoEle></dataExt></dataIdInfo><mdLang><languageCode value="eng" Sync="TRUE"></languageCode><countryCode value="USA" Sync="TRUE"></countryCode></mdLang><Esri><DataProperties><itemProps><itemName Sync="TRUE">ephedra_nevadensis_seed_transfer_zones</itemName><imsContentType Sync="TRUE">002</imsContentType><nativeExtBox><westBL Sync="TRUE">349580.733100</westBL><eastBL Sync="TRUE">847781.538154</eastBL><southBL Sync="TRUE">3734121.249000</southBL><northBL Sync="TRUE">4150288.989768</northBL><exTypeCode Sync="TRUE">1</exTypeCode></nativeExtBox><itemSize Sync="TRUE">0.610</itemSize><itemLocation><linkage Sync="TRUE">file://\\IGSWNVWBLT00697\C$\Users\dshryock\Documents\Seed_zones_wwetac\shapefile\ephedra_nevadensis_seed_transfer_zones.shp</linkage><protocol Sync="TRUE">Local Area Network</protocol></itemLocation></itemProps><coordRef><type Sync="TRUE">Projected</type><geogcsn Sync="TRUE">GCS_North_American_1983</geogcsn><csUnits Sync="TRUE">Linear Unit: Meter (1.000000)</csUnits><projcsn Sync="TRUE">NAD_1983_UTM_Zone_11N</projcsn><peXml Sync="TRUE">&lt;ProjectedCoordinateSystem xsi:type='typens:ProjectedCoordinateSystem' xmlns:xsi='http://www.w3.org/2001/XMLSchema-instance' xmlns:xs='http://www.w3.org/2001/XMLSchema' xmlns:typens='http://www.esri.com/schemas/ArcGIS/10.1'&gt;&lt;WKT&gt;PROJCS[&amp;quot;NAD_1983_UTM_Zone_11N&amp;quot;,GEOGCS[&amp;quot;GCS_North_American_1983&amp;quot;,DATUM[&amp;quot;D_North_American_1983&amp;quot;,SPHEROID[&amp;quot;GRS_1980&amp;quot;,6378137.0,298.257222101]],PRIMEM[&amp;quot;Greenwich&amp;quot;,0.0],UNIT[&amp;quot;Degree&amp;quot;,0.0174532925199433]],PROJECTION[&amp;quot;Transverse_Mercator&amp;quot;],PARAMETER[&amp;quot;False_Easting&amp;quot;,500000.0],PARAMETER[&amp;quot;False_Northing&amp;quot;,0.0],PARAMETER[&amp;quot;Central_Meridian&amp;quot;,-117.0],PARAMETER[&amp;quot;Scale_Factor&amp;quot;,0.9996],PARAMETER[&amp;quot;Latitude_Of_Origin&amp;quot;,0.0],UNIT[&amp;quot;Meter&amp;quot;,1.0],AUTHORITY[&amp;quot;EPSG&amp;quot;,26911]]&lt;/WKT&gt;&lt;XOrigin&gt;-5120900&lt;/XOrigin&gt;&lt;YOrigin&gt;-9998100&lt;/YOrigin&gt;&lt;XYScale&gt;450445547.3910538&lt;/XYScale&gt;&lt;ZOrigin&gt;-100000&lt;/ZOrigin&gt;&lt;ZScale&gt;10000&lt;/ZScale&gt;&lt;MOrigin&gt;-100000&lt;/MOrigin&gt;&lt;MScale&gt;10000&lt;/MScale&gt;&lt;XYTolerance&gt;0.001&lt;/XYTolerance&gt;&lt;ZTolerance&gt;0.001&lt;/ZTolerance&gt;&lt;MTolerance&gt;0.001&lt;/MTolerance&gt;&lt;HighPrecision&gt;true&lt;/HighPrecision&gt;&lt;WKID&gt;26911&lt;/WKID&gt;&lt;LatestWKID&gt;26911&lt;/LatestWKID&gt;&lt;/ProjectedCoordinateSystem&gt;</peXml></coordRef><copyHistory><copy source="C:\Users\dshryock\Documents\Seed_zones_wwetac\Seed_Transfer_Zone_Rasters_img_format\ephedra_nevadensis_seed_transfer_zones" dest="\\IGSWNVWBLT00697\C$\Users\dshryock\Documents\Seed_zones_wwetac\shapefile\ephedra_nevadensis_seed_transfer_zones" date="20170922" time="10013000"></copy></copyHistory></DataProperties><SyncDate>20170922</SyncDate><SyncTime>10175800</SyncTime><ModDate>20170922</ModDate><ModTime>10175800</ModTime></Esri><distInfo><distFormat><formatName Sync="TRUE">Shapefile</formatName></distFormat><distTranOps><transSize Sync="TRUE">0.610</transSize></distTranOps></distInfo><mdHrLv><ScopeCd value="005" Sync="TRUE"></ScopeCd></mdHrLv><mdHrLvName Sync="TRUE">dataset</mdHrLvName><refSysInfo><RefSystem><refSysID><identCode code="26911" Sync="TRUE"></identCode><idCodeSpace Sync="TRUE">EPSG</idCodeSpace><idVersion Sync="TRUE">8.2.6</idVersion></refSysID></RefSystem></refSysInfo><spatRepInfo><VectSpatRep><geometObjs Name="ephedra_nevadensis_seed_transfer_zones"><geoObjTyp><GeoObjTypCd value="002" Sync="TRUE"></GeoObjTypCd></geoObjTyp><geoObjCnt Sync="TRUE">1468</geoObjCnt></geometObjs><topLvl><TopoLevCd value="001" Sync="TRUE"></TopoLevCd></topLvl></VectSpatRep></spatRepInfo><mdDateSt Sync="TRUE">20170922</mdDateSt></metadata>
